review_clean_final,cluster_baseline,cluster_pso_kmeans,label_otomatis,label_topik
mantap aplikasi nya sangat membantu,1,2,membantu / cek / error / mantap,Pengalaman dan kinerja aplikasi
memudahkan bagi masyarakat pengguna pajak kendaraan bermotor,0,1,kendaraan / pajak kendaraan / pajak / membantu,Informasi dan pengecekan pajak kendaraan
apakah tidak bisa dipermudah apabila pkb ketinggalan bisa menunjukkan pkb yg online aplikasi harusnya sih pemerintah bisa buat sistem ktp untuk semua pengurusannya baik untuk pelayanan umum dan kesehatan contohnya sim pkb dibuat simple sudahlah kita bayar mahal untuk pengurusan dan pajak tpi pengurusan masih harus ribet,2,0,samsat / bayar / pajak / bayar pajak,Pembayaran dan layanan Samsat
di benahi sistem dan proses pengurusan pajak kendaraan di samsat bulukumba menunggu berjam datang baru langsung proses dan akhirnya dari berkas jam masuk sampai jam belum selesai juga,0,1,kendaraan / pajak kendaraan / pajak / membantu,Informasi dan pengecekan pajak kendaraan
terhitung akhir bulan mei aplikasi ini selalu error tidak bisa melakukan pengecekan padahal sudah update yang terbaru,1,2,membantu / cek / error / mantap,Pengalaman dan kinerja aplikasi
gak bisa bayar pajakada kesalahan katanya,2,0,samsat / bayar / pajak / bayar pajak,Pembayaran dan layanan Samsat
mantap terimah kasih bapenda sulsel memudahkan setiap orang cek pajak kendaraanya makasi,1,2,membantu / cek / error / mantap,Pengalaman dan kinerja aplikasi
katanya diskon pajak tapi di cek masih harga normal,1,2,membantu / cek / error / mantap,Pengalaman dan kinerja aplikasi
lumayan sih untuk up date,0,0,samsat / bayar / pajak / bayar pajak,Pembayaran dan layanan Samsat
ga jelas aplikasinya masa saya masukin no plat supra x keterangannya pajaknya dan besar cc mana ada supra standar punya cc hhhhh,1,2,membantu / cek / error / mantap,Pengalaman dan kinerja aplikasi
mantap tingkatkan terus dan permudahkan untuk hayar pajak jangan terlalu ribet untuk persyaratan pembayaran pajaknya,1,2,membantu / cek / error / mantap,Pengalaman dan kinerja aplikasi
bulan lalu saya cek statusnya lunas pajak pas saya cek lagi bulan ini kok statusnya berubah jadi belum lunas mohon penjelasannya,1,2,membantu / cek / error / mantap,Pengalaman dan kinerja aplikasi
sangat membantu pelanggan cek pajak kendaraan karena di samsat biasa kita bayar lebih tidak sesuai dgn jumlah pajak,0,1,kendaraan / pajak kendaraan / pajak / membantu,Informasi dan pengecekan pajak kendaraan
bahaya pegawai bagian pajak di bagian mobilbeda angka uangnya dia sebut klo cm seribu atau lbh tdk apa apain puluhandi bapenda ribu dia sebut bahaya bagian pajak,2,0,samsat / bayar / pajak / bayar pajak,Pembayaran dan layanan Samsat
aplikasi ongol mau bayar malah disurh datang ke kantor ke kantor pengurusannya lama belum lagi punglinya hadeuh,2,0,samsat / bayar / pajak / bayar pajak,Pembayaran dan layanan Samsat
aplikasinya keren bagus dan sangat membantu pelanggan,1,2,membantu / cek / error / mantap,Pengalaman dan kinerja aplikasi
tidak bisa diupdate dan diinstal ulang tetap tidak bisa bug,1,2,membantu / cek / error / mantap,Pengalaman dan kinerja aplikasi
bagaimana ini kah kenapa saya belum terima melalui email skkpd padahal saya sudah melakukan pembayaran pajak dari tanggal januari saya juga sudah mengunjungi kantor samsat tapi solusi yang di berikan oleh pegawai samsat katanya itu saja struk pembayaran yang disuruh pegang jadi bagaimanami itu kemudian di aplikasi bapenda sulsel mobile ini apakah hanya satu kali saja kalo mau melakukan pengaduan,0,0,samsat / bayar / pajak / bayar pajak,Pembayaran dan layanan Samsat
aplikasi ini membantu saya dlm cek pajak kendaraan saya,1,1,kendaraan / pajak kendaraan / pajak / membantu,Informasi dan pengecekan pajak kendaraan
sangat membantu dalam mengetahui tentang pajak kendaraan,0,1,kendaraan / pajak kendaraan / pajak / membantu,Informasi dan pengecekan pajak kendaraan
coba bgt cek bayar aajakmuncul nama pemilik bgs,1,2,membantu / cek / error / mantap,Pengalaman dan kinerja aplikasi
aplikasi sdh bagus tpi pas bayar pajak beda yg tertera diaplikasi wkwkwmwm,2,0,samsat / bayar / pajak / bayar pajak,Pembayaran dan layanan Samsat
perbaiki pelayanan di samsat pinrang,0,0,samsat / bayar / pajak / bayar pajak,Pembayaran dan layanan Samsat
sangat membantu untuk mengetahui jumlah pajak yg harus dibayar,0,2,membantu / cek / error / mantap,Pengalaman dan kinerja aplikasi
maaf mau tanya apa jika sudah bayar misalkan di indomaret brimo dimana di ambil bukti stempel samsat dan apa harus bayar jika minta pengesahan dikantor dan apa semua kantor samsat bisa beri pengesahan terima kasih,2,0,samsat / bayar / pajak / bayar pajak,Pembayaran dan layanan Samsat
sangat bermanfaat untuk mengetahui seberapa banyak duit kita di tilep si baju coklat yang ada di samsatakhirnya malas bayar pajak,2,0,samsat / bayar / pajak / bayar pajak,Pembayaran dan layanan Samsat
tidak sesuai di aplikasi xxx pas ke samsat xxx jika ada oknum yang meminta lebih silahkan di laporkan mana kita tau nama pegawainya anda cek sendiri lah kelapangan survei setiap orang yang baru keluar dari kantor samsat apakah sesuai dengan di aplikasi dengan di loket,0,0,samsat / bayar / pajak / bayar pajak,Pembayaran dan layanan Samsat
mempermudah mengetahui bayaran pajak kendaraan kita,0,1,kendaraan / pajak kendaraan / pajak / membantu,Informasi dan pengecekan pajak kendaraan
sangat membantu dalam memberi informasi yg akurat memberikan info biaya yg harus di siapkan maka hal ini sangat membantu kami,1,2,membantu / cek / error / mantap,Pengalaman dan kinerja aplikasi
kira kira aman gak nih kalau bayar pajak lewat aplikasi ini terus untuk pengesahan fisiknya bagaimana,2,0,samsat / bayar / pajak / bayar pajak,Pembayaran dan layanan Samsat
aplikasinya baik cuman ngk bisa bayar pajak pakai akun danatolong kak di tambahin opsi pembayarannya lewat aplikasi akun dana sekarang banyak orang pakai akun dana,2,0,samsat / bayar / pajak / bayar pajak,Pembayaran dan layanan Samsat
seharusnya stnk baru bisa di kirim lewat pos,1,0,samsat / bayar / pajak / bayar pajak,Pembayaran dan layanan Samsat
aplikasinya bagus bs cek lebih awal pajak kendaraan yang akan dibayar,1,1,kendaraan / pajak kendaraan / pajak / membantu,Informasi dan pengecekan pajak kendaraan
bagaimana dengan stempel di stnk sebagai bukti telah membayar pajak via aplikasi,2,0,samsat / bayar / pajak / bayar pajak,Pembayaran dan layanan Samsat
bagus cek pajak motor langsung respon makasih pak,1,2,membantu / cek / error / mantap,Pengalaman dan kinerja aplikasi
apa bisa bayar pajak lewat aplikasi ini tanpa ke samsat dan bagaimana carax terus jika jumlah d aplikasi beda disamsat bagaimana penjelasannya,2,0,samsat / bayar / pajak / bayar pajak,Pembayaran dan layanan Samsat
di apk bapenda pelunasan bayar pajak tertera ribu skian nyata nya datang kesamsat habis nya ribu skian kurang paham saya knp selisih jauh skli gak bisa buat acuan klo begini harusnya bintangnya minus ini,2,0,samsat / bayar / pajak / bayar pajak,Pembayaran dan layanan Samsat
ingin bayar pajak lewat aplikasi tp tertulis kendaraan sedang dalam proses penraftaran disamsat padahal sebelumnya belum pernh daftar,2,0,samsat / bayar / pajak / bayar pajak,Pembayaran dan layanan Samsat
jumlah pembayaran realita x lebih tinggi dari pada jumlah pembayaran di aplikasi jadi gunanya ini aplikasi apa harusnya si bisa langsung bayar di aplikasi aja biar lebih memudahkan,0,0,samsat / bayar / pajak / bayar pajak,Pembayaran dan layanan Samsat
kenapa sekarang nga bisa cek pajak,1,2,membantu / cek / error / mantap,Pengalaman dan kinerja aplikasi
tdk sesuai di app pas bayar,2,0,samsat / bayar / pajak / bayar pajak,Pembayaran dan layanan Samsat
masih kurangpilihan bank pembayaran gk komplit,0,0,samsat / bayar / pajak / bayar pajak,Pembayaran dan layanan Samsat
kenapa tidak bisa cek pajak mobil,1,2,membantu / cek / error / mantap,Pengalaman dan kinerja aplikasi
aplikasi buruk ga bisa di gunakan,1,2,membantu / cek / error / mantap,Pengalaman dan kinerja aplikasi
aplikasi sangat membantu cuma saran tena nacini blokir na tidk muncul keterangan blokirnya,1,2,membantu / cek / error / mantap,Pengalaman dan kinerja aplikasi
fiturnya belum lengkap seperti kita tidak bisa mengecek datadata yang sudah kita simpan gunanya menu profil cuma buat menambahkan data ktp tidak ada yang lain kedepanya tambahkan fitur login dulu terus sistem keamanan data pribadi di tingkatkan hanya kita yang bisa melihat,1,2,membantu / cek / error / mantap,Pengalaman dan kinerja aplikasi
mantap sangat membantu memberikan informasi,1,2,membantu / cek / error / mantap,Pengalaman dan kinerja aplikasi
apakah belum disediakan untuk untuk wilayah sulselbar,1,2,membantu / cek / error / mantap,Pengalaman dan kinerja aplikasi
halo kakcara hapus data kita di aplikasi gimana yah soalnya datanya terpampang jelasdepan layar takutnya kalo hp kita jatoh terus di maling orang lahh apess dong data kita bintang dlumohon koreksinya,1,2,membantu / cek / error / mantap,Pengalaman dan kinerja aplikasi
untuk apa punya layanan pengaduan klau ga bisa terkirim terus,1,2,membantu / cek / error / mantap,Pengalaman dan kinerja aplikasi
ada bug di fitur maps tidak ada terdata lokasi samsat disekitar makassar,0,0,samsat / bayar / pajak / bayar pajak,Pembayaran dan layanan Samsat
aplikasi ini sangat membantu sekali dalam mengecek dan membayar pajak kendaraan sehingga bisa terhindar dari pungli,0,1,kendaraan / pajak kendaraan / pajak / membantu,Informasi dan pengecekan pajak kendaraan
proses pembayaran sukses tapi sdh x jam saya belum menerima bukti pembayarannya melalui email,0,0,samsat / bayar / pajak / bayar pajak,Pembayaran dan layanan Samsat
bayar pajak kendaraan online via bapenda apakah kita harus ke kantor pajak lagi untuk administrasi,2,1,kendaraan / pajak kendaraan / pajak / membantu,Informasi dan pengecekan pajak kendaraan
harusnya bukti bayar pajaknya dikirim bentuk file pdf agar lebih jelas gambarnya dan tidak buram,2,0,samsat / bayar / pajak / bayar pajak,Pembayaran dan layanan Samsat
tidak sesuai di apk sama kantor samsat kabupaten kepulauan selayar sulawesi selatan,0,0,samsat / bayar / pajak / bayar pajak,Pembayaran dan layanan Samsat
tidak sesuai sama yang di bayarkn di samsat,0,0,samsat / bayar / pajak / bayar pajak,Pembayaran dan layanan Samsat
sangat rekomendasi agar tidak kena pungli karena beda sekali harganya disni jauh murahnya di banding langsung di samsat,0,0,samsat / bayar / pajak / bayar pajak,Pembayaran dan layanan Samsat
aplikasi bagus sangat simpel memudahkan mengetahui nilai pajak yang harus disiapkan sebelum ke samsat juga memudahkan saat proses jual beli kendaraan hanya saja jangkauan masi dalam lingkup sulsel tolong diperluas lagi kalau bisa,0,1,kendaraan / pajak kendaraan / pajak / membantu,Informasi dan pengecekan pajak kendaraan
mantab aplikasinya terus di kembangkan,1,2,membantu / cek / error / mantap,Pengalaman dan kinerja aplikasi
tidak bisa buka aplikasi bapenda ini,1,2,membantu / cek / error / mantap,Pengalaman dan kinerja aplikasi
cukup membantu terima kasih bapenda sulsel,1,2,membantu / cek / error / mantap,Pengalaman dan kinerja aplikasi
admin kan saya mau bayar pajak thunanganti kaleng apakah harga tertera di apk ini udah termasuk ganti kalengnya atau cuman harga pajak thnan,2,0,samsat / bayar / pajak / bayar pajak,Pembayaran dan layanan Samsat
apakah aman jika membayar pajak kendaraan disini dan apa bukti yang bisa diperlihatkan jika kita dimintai selesai pajak,0,1,kendaraan / pajak kendaraan / pajak / membantu,Informasi dan pengecekan pajak kendaraan
pembayaran pajak tahunan di samsat selalu tidak sama dengan di bapenda selalu ada pungli,0,0,samsat / bayar / pajak / bayar pajak,Pembayaran dan layanan Samsat
beda diaplikasi beda disamsat masih banyak pungli,0,0,samsat / bayar / pajak / bayar pajak,Pembayaran dan layanan Samsat
bukannya kendaraan lama makin turun harganya tiap tahun eh pajaknya tiap tahun naik terus,1,2,membantu / cek / error / mantap,Pengalaman dan kinerja aplikasi
aplikasi tidak berguna hanya formalitas semata pas mau bayar malah di suruh ke samsat terdekat,2,0,samsat / bayar / pajak / bayar pajak,Pembayaran dan layanan Samsat
sangat membantu untuk pengecekan pajak,1,1,kendaraan / pajak kendaraan / pajak / membantu,Informasi dan pengecekan pajak kendaraan
sangat membantu saya mau bayar pajak kendaraan sekaligus mau balik nama apakah akan tetap diproses nantinya kalau lewat online terimah kasih sebelumnya,2,1,kendaraan / pajak kendaraan / pajak / membantu,Informasi dan pengecekan pajak kendaraan
baru saja install dan berhasil bayar pajak kendaraan saran saya krn aplikasi ini berisi data sensitif sebaiknya kalau mau masuk aplikasi harus memasukkan user name dan passwordfingger,2,1,kendaraan / pajak kendaraan / pajak / membantu,Informasi dan pengecekan pajak kendaraan
mantap dan luar biasa sangat membatu dalam pengecekan nilai pajak kendaraan,0,1,kendaraan / pajak kendaraan / pajak / membantu,Informasi dan pengecekan pajak kendaraan
apakh bisa bayar pajak kendaraan melalui aplikasi ini,2,1,kendaraan / pajak kendaraan / pajak / membantu,Informasi dan pengecekan pajak kendaraan
adanya aplikasi ini saya gampang mengecet pajak kendaraan saya terimakasih,0,1,kendaraan / pajak kendaraan / pajak / membantu,Informasi dan pengecekan pajak kendaraan
mohon bantuannya saya mau cek pajak motor nopol dan nomer rangka sudah sesuai tapi keterangan nopol tidak ditemukan kasi bintang dulu ya,1,2,membantu / cek / error / mantap,Pengalaman dan kinerja aplikasi
bukti pembayaran pajaknya dimana apakah lewat email atau ke apk nya langsung,0,0,samsat / bayar / pajak / bayar pajak,Pembayaran dan layanan Samsat
terimakasih karena kami sudah tau berapa jumlah yang harus di bayar,0,0,samsat / bayar / pajak / bayar pajak,Pembayaran dan layanan Samsat
pembayaran pajak lebih mudah dan cepat tdk sampai mnt,0,2,membantu / cek / error / mantap,Pengalaman dan kinerja aplikasi
aplikasinya sangat membantu cek dan bayar pajak sudah tidak perlu lagi ke samsat antri,2,0,samsat / bayar / pajak / bayar pajak,Pembayaran dan layanan Samsat
cara cek pajak nya pilih mana pkb apa bbn,1,2,membantu / cek / error / mantap,Pengalaman dan kinerja aplikasi
aplikasi tdk jelas sy sekarang di kantor samsat kota makassar sy bayar pajak tahun sekalian ganti plat dd di aplikasi cuma tapi di kantor samsat sy bayar lebih jadi sy nyatakan ini aplikasi sangat tdk sesuai dan tdk cocok,2,0,samsat / bayar / pajak / bayar pajak,Pembayaran dan layanan Samsat
apa benar pak ada pemutihan pajak kendaraan,0,1,kendaraan / pajak kendaraan / pajak / membantu,Informasi dan pengecekan pajak kendaraan
katanya pemutihan pajak beelaku januari sampai april untuk wilayah sulsel tpi pas saya cek kok masi tetap ada dendanya,1,2,membantu / cek / error / mantap,Pengalaman dan kinerja aplikasi
dengan ada nya aplikasi ini memudah kan kita untuk cek jumlah tagihan pajak kendaraan bermotor,0,1,kendaraan / pajak kendaraan / pajak / membantu,Informasi dan pengecekan pajak kendaraan
sangat membantu cek status pajak kendaraan,1,1,kendaraan / pajak kendaraan / pajak / membantu,Informasi dan pengecekan pajak kendaraan
saya akui proses cepat pembayarannya hanya saja sama saja bayar langsung kita disuruh menunggu lama pengesahannya tidak adaji istimewanya malah lebih cepat pulang orang yang bayar offline langsung mungkin krn nda ada lebihnya,2,0,samsat / bayar / pajak / bayar pajak,Pembayaran dan layanan Samsat
bagus memudahkan terutama penggunaan kendaraan diluar provinsi,1,1,kendaraan / pajak kendaraan / pajak / membantu,Informasi dan pengecekan pajak kendaraan
sebelum update masih aman ji ini aplikasi tp kenapa sekarang malah eror tdk bisami cek pajak,1,2,membantu / cek / error / mantap,Pengalaman dan kinerja aplikasi
maaf pak setelah saya bayar pajak lewat indomart knpa saya cek di aplikasinya statusnya masih belum lunas apakah ada batas hari pengerjaannya atau bagaimana,2,0,samsat / bayar / pajak / bayar pajak,Pembayaran dan layanan Samsat
ntah fetch data nya nge bug atau bijimana tapi tiap input selalu disuruh ke samsat,1,2,membantu / cek / error / mantap,Pengalaman dan kinerja aplikasi
ijin tanya admin jika terlambar tahun apakah muncul di aplikasi total keseluruan yg harus di bayar,2,0,samsat / bayar / pajak / bayar pajak,Pembayaran dan layanan Samsat
bintang mo dulu mauja bertanya min kalau sudah bayar harus ki kesamsat lagi kah buat minta stempel ke samsat nya,2,0,samsat / bayar / pajak / bayar pajak,Pembayaran dan layanan Samsat
cek biaya bbn daplikasi sekian knpa wktu kesamsat biayany melambung tinggi tdk sesuai daplikasi pelayanan dsamsat dpingpong,1,2,membantu / cek / error / mantap,Pengalaman dan kinerja aplikasi
sangat membantu masyarakat untuk mendapatkan info pembayaran pajak kendaraan bermotor,0,1,kendaraan / pajak kendaraan / pajak / membantu,Informasi dan pengecekan pajak kendaraan
barusan dipake bagus tawwa sangat membantu bukan aplikasi abalabal,1,2,membantu / cek / error / mantap,Pengalaman dan kinerja aplikasi
kami sangat senang memiliki aplikasi bapenda sulsel mobile,1,2,membantu / cek / error / mantap,Pengalaman dan kinerja aplikasi
lembar pajak digitalnya pun tidak ada yg masuk ke email mana,1,2,membantu / cek / error / mantap,Pengalaman dan kinerja aplikasi
kenapa ya sudah beberapa bulan lamanya ini mau download aplikasinya bapenda mobiletapi tetap tidak bisa katanya di suruh update ke aplikasi terbarupadahal tidak bisa update versi terbaru nya terpaksa saya hapus aplikasi inimohon kiranya aplikasi nya di perbaiki terimakasih,1,2,membantu / cek / error / mantap,Pengalaman dan kinerja aplikasi
izin bertanya min kalau balik nama harus di samsat wilayah sesuai dengan alamat stnk pemilik pertama atau bisa ji di samsat mana saja,0,0,samsat / bayar / pajak / bayar pajak,Pembayaran dan layanan Samsat
susah cek pajak kendaraanalasan data tidak di temukan,1,2,membantu / cek / error / mantap,Pengalaman dan kinerja aplikasi
joss aplikasi simple dan mudah di gunakan sangat membantu pertahankan ya min,1,2,membantu / cek / error / mantap,Pengalaman dan kinerja aplikasi
percuma pakai aplikasi kalau msh ada oknum pungli yg bs merusak citra instansi aplikasi krn msh ada pungliiiii di dlm nya krn tetap dimintakan uang ribu untuk bs ambil plat motormobil yg sdh jadi padahal sdh bayar smua sesuai yg tertera di aplikasi trmasuk bea admin tnkb yg ad di aplikasi trus di suruh bayar jg kertas landasan buat gosok no rangka senilai ribu di perjualbelikan di koperasiparaahhhh,2,0,samsat / bayar / pajak / bayar pajak,Pembayaran dan layanan Samsat
cek pajak sebelum di update bisa ji tp pas cek sesudah di update katanya nopol tdk terdaftar knpa bisa ya,1,2,membantu / cek / error / mantap,Pengalaman dan kinerja aplikasi
sangat membantu apakah ada tanda bukti yg bs dilampirkan setelah bayar pakai aplikasi ini trm ksh,2,0,samsat / bayar / pajak / bayar pajak,Pembayaran dan layanan Samsat
iki kalau sudah di bayar pajak nya stnk nya bagaimana di ambil di samsat atau bagaimana,2,0,samsat / bayar / pajak / bayar pajak,Pembayaran dan layanan Samsat
maaf kami sudah berhasil melakukan pembayaran melalui indomaret tapi kami belum dapat pemberitahuan selanjutnya apakah kami perlu ke samsat lagi,0,0,samsat / bayar / pajak / bayar pajak,Pembayaran dan layanan Samsat
min error trs mauka byr pajak,1,2,membantu / cek / error / mantap,Pengalaman dan kinerja aplikasi
jelek banget ini aplikasi pemerintah mau cek pajak buat dibayar kenapa error terus sdh hari,1,2,membantu / cek / error / mantap,Pengalaman dan kinerja aplikasi
aplikasi error muluuu gak baguss ni aplikasinya hadee,1,2,membantu / cek / error / mantap,Pengalaman dan kinerja aplikasi
sangat mendukung melihat pajak kendaraan,0,1,kendaraan / pajak kendaraan / pajak / membantu,Informasi dan pengecekan pajak kendaraan
aku kasi bintang krn saya membatu dan juga ini akurat selsuai,1,2,membantu / cek / error / mantap,Pengalaman dan kinerja aplikasi
sangat puas dan sangat membantu,1,2,membantu / cek / error / mantap,Pengalaman dan kinerja aplikasi
tidak bisa input data nopol dan digit nomor rangka terakhir di xiaomi t,1,2,membantu / cek / error / mantap,Pengalaman dan kinerja aplikasi
saya suka aplikasi ini tpi yg ingin saya tanyakan kenapa pada saat memabyar pajak di samsat nominalnya tdk sama dgn diaplikasi dikasih tau samsat bahwa diaplikasi segini tpi nabilang petugas ada biaya materainya jadi tolonglah jangan ada pungli lgi,0,0,samsat / bayar / pajak / bayar pajak,Pembayaran dan layanan Samsat
aplikasi tidak berguna informasi jumlah pembayaran di aplikasi sangat berbeda jauh di lapangan di aplikasi rp nyatanya bayar rp,0,0,samsat / bayar / pajak / bayar pajak,Pembayaran dan layanan Samsat
aplilasi ini sangat membantu mengecek pajak kendaraan yg harus dibayar,0,1,kendaraan / pajak kendaraan / pajak / membantu,Informasi dan pengecekan pajak kendaraan
cepat tepat akurat info nya,1,2,membantu / cek / error / mantap,Pengalaman dan kinerja aplikasi
kenapa na susah sekali di download apk nya,1,2,membantu / cek / error / mantap,Pengalaman dan kinerja aplikasi
aplikasinya tdk sesuai dgn yg samsatsaya cek di aplikasi tapi disamsat naminta jauh sekali perbedaannya tolong ini yg mana yg benar,0,0,samsat / bayar / pajak / bayar pajak,Pembayaran dan layanan Samsat
kenapa error terus ya padahal jaringan bagus,1,2,membantu / cek / error / mantap,Pengalaman dan kinerja aplikasi
tolong ditambahkan metode pembayaran melalui bank lainnya jgn cuman bank mandiri dan bank sulselbar kalau bisa,0,0,samsat / bayar / pajak / bayar pajak,Pembayaran dan layanan Samsat
aplikasi kasih ini sangat bagus yg ingin lihat berapa harus di bayar pajaknya jadi bisa membawah uang pas tapi sy mau aplikasi ini bisa cek juga pajak motor yg terblokir seperti tilang cctv atau selainnya mungkin itu dari sy makasih,1,2,membantu / cek / error / mantap,Pengalaman dan kinerja aplikasi
setelah cek plat nomor nya kok muncul tulisan mohon maaf gagal terhubung mohon coba beberapa saat lagi tolong di perbaiki kak,1,2,membantu / cek / error / mantap,Pengalaman dan kinerja aplikasi
sy suka sekali aplikasinyacukup membantutpi sy tdk jd bayar pjknya dsinikrn metode pembayarannyasdikit sarantolong di tambah lg pilihan metode pembayarannyasperti lewat brivabrimo dn dompet digital sperti dana atau link ajatrim kasih,2,0,samsat / bayar / pajak / bayar pajak,Pembayaran dan layanan Samsat
tidak bisa menyimpan data kendaraan sendiri tidak banyak pilihan pembayarannya cuman indomart dan bank sulsel,1,2,membantu / cek / error / mantap,Pengalaman dan kinerja aplikasi
nahh ini baru ui nya keren,1,2,membantu / cek / error / mantap,Pengalaman dan kinerja aplikasi
pilihan pbayaran via gopay dan tokped kok hilang sedangkan pake linkaja menu untuk prov sulsel d apl link aja gak ada,2,0,samsat / bayar / pajak / bayar pajak,Pembayaran dan layanan Samsat
bayar pajak via online malah gagal terus aneh,2,0,samsat / bayar / pajak / bayar pajak,Pembayaran dan layanan Samsat
kenapa setiap ada kendaraan yang mau sy cek pajaknya tidak bisa alasannya selalu nopol yang di masukkan tidak di temukan padahal sudah sesuai dengan nopol yang saya mau cek,1,2,membantu / cek / error / mantap,Pengalaman dan kinerja aplikasi
aplikasi error apa coba tujuannya bikin aplikasi begini,1,2,membantu / cek / error / mantap,Pengalaman dan kinerja aplikasi
kenapa tidak bisa dibayar di indomaret padahal di aplikasinya ada pilihan pembayaran nya tapi pas mau dibayar di indomaret malah disuruh ke samsat lagi,0,0,samsat / bayar / pajak / bayar pajak,Pembayaran dan layanan Samsat
saya tidak bisa tambah data dengan alasan data nik di skkpstnk dengan data profil tidak sesuai cat kendaraan atas nama sy sendiri,1,2,membantu / cek / error / mantap,Pengalaman dan kinerja aplikasi
mau bayar via livin malah kode pembayaran tidak ditemukan,2,0,samsat / bayar / pajak / bayar pajak,Pembayaran dan layanan Samsat
emang lagi nggk bisa bayar pake gopay apa gimana atau emang ada wakru tertentunya udh coba berkali kali tetep nggk bisa juga,2,0,samsat / bayar / pajak / bayar pajak,Pembayaran dan layanan Samsat
baru download tidak dapat bikin akun,1,2,membantu / cek / error / mantap,Pengalaman dan kinerja aplikasi
untuk cek pajak bagus tapi kenapa untuk bayar pajak lewat aplikasi ini tidak bisa setiap mengisi data kendaraan gagal padahal surat surat lengkap mohon di perbaiki lagi saya ingin bayar pajak,2,0,samsat / bayar / pajak / bayar pajak,Pembayaran dan layanan Samsat
tabe dibantu di menu cek pajak bisa muncul tagihan dan identitas kendaraan tapi masuk di menu bayar pajak menjadi tidak bisa keterangannya data tidak ditemukan padahal betulmi semua data yang diinput,1,2,membantu / cek / error / mantap,Pengalaman dan kinerja aplikasi
saya install apk ini cuma mau ngasih info kalo d samsat itu masih ada pungli padahal ada banner besar dilarang melakukan pungli kejadian kemarin mau bayar stnk bapak yg kebetulan memang motor nd dan belum dbalik nama petugas tersebut menyebutkan nominal yg tidak sesuai di bot telegram yg sebelumnya saya cek sebelum brgkt k samsat saya mau liat apakh nnt d markup dan ternyata benar menyedihkan sekali oknum seperti ini ngasih makan keluarganya uang haram hasil pungli,0,0,samsat / bayar / pajak / bayar pajak,Pembayaran dan layanan Samsat
apa bayar pajak di sini aman dan langsung ter registrasi di samsat dan klw bisa jika pembayaran telah di lakukan bisa di lampirkan bukti pembayaran yang bisa di perlihatkan apa bila sewaktu waktu di perlukan,2,0,samsat / bayar / pajak / bayar pajak,Pembayaran dan layanan Samsat
aplikasinya bgus sangat memudhkn untuk cek pmbyaran pajak tpi smpai di samsat nga sesuai di aplkasi malah disruh nambah,0,0,samsat / bayar / pajak / bayar pajak,Pembayaran dan layanan Samsat
tolong lebih ditingkatkan aplikasinya diadakan fitur sign up dan login website ferryzy saja bisa login bayar tiket ferry sangat mudah masa saya cek pajak tdk ada keterangan nama pemiliknya begitu mau tambah data malah error katanya data kendaraan sudah diklaim oleh pemiliknya yakin data kendaraan adalah milik anda lah stnk bpkb wong sama saya fitur pengaduan juga gak bisa dipake enaknya tuh klo online dapet barcode datang ke kantor langsung print,1,2,membantu / cek / error / mantap,Pengalaman dan kinerja aplikasi
kenapa aplikasi ini tidak bisa di download,1,2,membantu / cek / error / mantap,Pengalaman dan kinerja aplikasi
samsat masih memberlakukan sistem pungli masyarakat malas pajak krn di samping besarn pajak memberatkan juga masih terjadi praktek pungli hampir di beberapa kantor samsat,0,0,samsat / bayar / pajak / bayar pajak,Pembayaran dan layanan Samsat
aplikasi tdk ribetproses cepat dan terperinci,1,2,membantu / cek / error / mantap,Pengalaman dan kinerja aplikasi
untuk sekedar pengecekan pajak sangat membantu semoga hasilx sesuai tapi saya kurang sreg di halaman tambah data karena yg menambah adalah user sehingga rasanya rada rawan sebaikx data user bisa tersedia di aplikasi ini untuk datanya bisa dikoneksikan instansi terkait,1,2,membantu / cek / error / mantap,Pengalaman dan kinerja aplikasi
lebih bagus bayar online kalau bisa,2,0,samsat / bayar / pajak / bayar pajak,Pembayaran dan layanan Samsat
aku masukkan nopol kendaraan cuman masalah gk ad mama yg terteramawarna udh cocok abutp masa cc masih enak dulucekd bot telegram,1,2,membantu / cek / error / mantap,Pengalaman dan kinerja aplikasi
sangat bagus dan sangat membantu untuk saya yang tinggal di luar kota,1,2,membantu / cek / error / mantap,Pengalaman dan kinerja aplikasi
sangat membatu dengan adanya aplikasih ini,1,2,membantu / cek / error / mantap,Pengalaman dan kinerja aplikasi
mau bayar pajak sudah isi semua data dibilang nopol salah pas cek pajak aman ji nd lama dibilang lagi tidak terhubung di internet na lancar ja main mobile legend,1,2,membantu / cek / error / mantap,Pengalaman dan kinerja aplikasi
sebelum updates bagus dan terbantu kok sudah di updates pas mau cek malah tertulis error,1,2,membantu / cek / error / mantap,Pengalaman dan kinerja aplikasi
alhamdulillah selain cari berita yg lain eror semua,1,2,membantu / cek / error / mantap,Pengalaman dan kinerja aplikasi
gampang di gunakan dan mempermudah urusan pajak kendaraan kita,0,1,kendaraan / pajak kendaraan / pajak / membantu,Informasi dan pengecekan pajak kendaraan
bagus sangat membantu tapi tolong update selanjutnya disertakan nama pemilikalamat dan no rangka mesin,1,2,membantu / cek / error / mantap,Pengalaman dan kinerja aplikasi
aplikasi sebelumnya lebih bagus ini pas mau masuk bayar pajak malah gak bisa di tinjau ulang kembali aplikasinya,2,0,samsat / bayar / pajak / bayar pajak,Pembayaran dan layanan Samsat
sebelum muncul update aman aja setelah muncul update terbaru malah blank layar putih,1,2,membantu / cek / error / mantap,Pengalaman dan kinerja aplikasi
sudah tidak ada pengurangan pajaknya,1,2,membantu / cek / error / mantap,Pengalaman dan kinerja aplikasi
sebelum update ke versi terbaru aman saja tapi setelah update mau masukin data malah keterangan data kendaraan tidak ditemukan padahal saya cek melalui bot di aplikasi telegram data kendaraan saya ada,1,2,membantu / cek / error / mantap,Pengalaman dan kinerja aplikasi
sudah kali mengurus pembayaran pajak kendaraan lancar dan aman,0,1,kendaraan / pajak kendaraan / pajak / membantu,Informasi dan pengecekan pajak kendaraan
aplikasinya sangat membantu dan memudahkan dalam melakukan jumlah pajak yang dibayarkan cuman kalau bisa ditambahkan menu untuk cetak dan nominal harga jasa kirim via pos dll pajaknya kerumah masyarakat pengalaman kami dan beberapa teman terkadang berbeda jumlah yang harus dibayarkan ketika hal nya disamsat offline walau menunjukkan jumlah yg harus dibayarkan via aplikasi ini,0,0,samsat / bayar / pajak / bayar pajak,Pembayaran dan layanan Samsat
aplikasi tdk jelas maunnya memberikan pelayanan yg baik ke masyarakat malah aplikasinnya sering eror katannya nik tdk sesuai apaan nik saya tdk salah tolong di perbaiki lagi,1,2,membantu / cek / error / mantap,Pengalaman dan kinerja aplikasi
mau nanyak ini admin apakah di aplikasi bappeda sulsel itu sdh pas pada saat kita membayar pajak atau beda klau kita datang langsung di samsat proses coba aplikasi nya semoga bagus,0,0,samsat / bayar / pajak / bayar pajak,Pembayaran dan layanan Samsat
hapus saja ini aplikasitidak sesuai total pembayaran di aplikasi dan kantor samsat,0,0,samsat / bayar / pajak / bayar pajak,Pembayaran dan layanan Samsat
mau bayar pajak aja ribetnya minta ampun,2,0,samsat / bayar / pajak / bayar pajak,Pembayaran dan layanan Samsat
tolong ini knapa tdk bsa bayar online sya sdh isi data pembayaran pajak tpi tda bisa dgn alasan pembayran pajak dlm proses antrian di samsat sya coba byr di samsat keliling katanya harus di samsat sesuai kota nya motor sya wilyah makassar tp skrg tggl di luar makassar,0,0,samsat / bayar / pajak / bayar pajak,Pembayaran dan layanan Samsat
cek pajak kendaraan motor listrik biaya sama aja motor bensin daerah lain pkb nya di sulsel rb swdkljj daerah lain rb di sulsel rb koq beda sih nda mendukung program pemerintah,0,1,kendaraan / pajak kendaraan / pajak / membantu,Informasi dan pengecekan pajak kendaraan
sangat rekomendasi u tuk pembayaran pajak kendaraan,0,1,kendaraan / pajak kendaraan / pajak / membantu,Informasi dan pengecekan pajak kendaraan
sangat menbantu saat ingin mengetahui besaran pajak kendaraan,0,1,kendaraan / pajak kendaraan / pajak / membantu,Informasi dan pengecekan pajak kendaraan
ribet nik gk sesuai padahal dah sama stnk bpkb ktp belajar dulu sama sakpole baru bikin apps,0,0,samsat / bayar / pajak / bayar pajak,Pembayaran dan layanan Samsat
kalau ke samsat bayarnya kenapa tidak sama yah sama biaya yang tertera,0,0,samsat / bayar / pajak / bayar pajak,Pembayaran dan layanan Samsat
saya mau aktifkan lagi pajaknya tpi kalau sudah selesai bayar bagaimana caranya dapat ddnya yahh pakmohon dibantu bagaimana solusinya karena saya kurang mengerti,2,0,samsat / bayar / pajak / bayar pajak,Pembayaran dan layanan Samsat
aplikasi tdk dapat digunakandi sistem tulisnya salah nik pemilik kendaraansedangkan pemilik asli saya sendiri dan an saya sendirimau membuat keluhan di aplikasi yg sudah disediakan tetap gagal dikirimjdi kembali di zaman dmn kita membayar pajak di samsat dan dimana para oknum bisa bermain kembalihadew note tolong di bereskan kembali aplikasi ini agar dapat dipergunakan kembli oleh masyarakat dan meminimalisir peran oknum yg tdk bertanggungjawab dan mengatasnamakan instansi,0,0,samsat / bayar / pajak / bayar pajak,Pembayaran dan layanan Samsat
error terus aplikasi gak jelas,1,2,membantu / cek / error / mantap,Pengalaman dan kinerja aplikasi
kenapa sekarang tidak bisa digunakan lagi,1,2,membantu / cek / error / mantap,Pengalaman dan kinerja aplikasi
kenapa tidak terdeteksi pajak kendaraan,0,1,kendaraan / pajak kendaraan / pajak / membantu,Informasi dan pengecekan pajak kendaraan
aplikasinya bagus dan mudah dipahami terima kasih,1,2,membantu / cek / error / mantap,Pengalaman dan kinerja aplikasi
tadi saya cek di aplikasi total pajaknya rb setelah ke samsat pangkep totalnya jadi rb aplikasinya yang rusak atau oknum polisinya yang korup ini,0,0,samsat / bayar / pajak / bayar pajak,Pembayaran dan layanan Samsat
apa nama aplikasinya klau cek kendaraan muncul nama pemilik dan alamatnya,1,2,membantu / cek / error / mantap,Pengalaman dan kinerja aplikasi
samsat tidak akurat sembarangan memberi keterangan,0,0,samsat / bayar / pajak / bayar pajak,Pembayaran dan layanan Samsat
total bayar di aplikasi faktanya bayar di loket kenapa ada selisih ya antara aplikasi dan di kantor pelayanan jawaban petugasnya aplikasi bpk yg salah terima aja kami kan hanya rakyat entepetugaspelayanan,2,0,samsat / bayar / pajak / bayar pajak,Pembayaran dan layanan Samsat
gayanaji ini aplikasi tidak bisa untuk data selalu gagal terhubung,1,2,membantu / cek / error / mantap,Pengalaman dan kinerja aplikasi
aplikasi sdh bagus untuk cek nominal pajak tpi tetap saja kena pungli rb d loket pembayaran samsat pas d tanya katanya uang tambahan k trus d tanya rinciannya malah blng klw gamau ya sdh terpaksa kena pungli rb,0,0,samsat / bayar / pajak / bayar pajak,Pembayaran dan layanan Samsat
andalanku cek pajak kendaraan semoga makin bagus dan tidak ribet di gunakan,1,1,kendaraan / pajak kendaraan / pajak / membantu,Informasi dan pengecekan pajak kendaraan
bagus sih cuma kok beda yaa pembayaran yg tertera di apk dgn yg di samsat gua kemarin apk samsatnya apa mmg ada biaya tambahan di samsat,0,0,samsat / bayar / pajak / bayar pajak,Pembayaran dan layanan Samsat
masih ada pungli di setiap pos dari pendaftaran sampai pengesahan pajak,0,0,samsat / bayar / pajak / bayar pajak,Pembayaran dan layanan Samsat
apk nya kurang mendukung mau cek pajak gak bisa katanya kadaluwarsa harus ke kantor pilih kasi klo pajak mati lama gak bisa di cek padahal mau tau berapa total semua supaya bisa kumpulin uang kalo gini gak bisa kita cek padahal mau bayar tapi mau tau dlu berapa nasip motor tua gak bisa ke cek pajak nya,1,2,membantu / cek / error / mantap,Pengalaman dan kinerja aplikasi
jadi stelah bayar pajak di aplikasi ini bagaimana lagi cara mendapatkan stnk nya,2,0,samsat / bayar / pajak / bayar pajak,Pembayaran dan layanan Samsat
jika wajib pajak mau bayar pajak di layani dengan baik dan dimudahkan dengan aplikasi yg tidak ribet jangan sampai seluruh warga negara tidak ada yg mau bayar giman,2,0,samsat / bayar / pajak / bayar pajak,Pembayaran dan layanan Samsat
aplikasi tidak bisa terbuka atau terbaca,1,2,membantu / cek / error / mantap,Pengalaman dan kinerja aplikasi
sederhana dan mudah digunakan kode pembayaran langsung dipakai di mobile banking tidak ada selisih dari cek pajak mantap,1,2,membantu / cek / error / mantap,Pengalaman dan kinerja aplikasi
mau cek pajak kendaraan aplikasi x eror pilihan untuk wilayah x tdk bisa ke buka tolong di perbaiki,1,1,kendaraan / pajak kendaraan / pajak / membantu,Informasi dan pengecekan pajak kendaraan
aplikasi bapuk gk guna apknya pilih wilayah malah gk ada yg munculampas,1,2,membantu / cek / error / mantap,Pengalaman dan kinerja aplikasi
memudahkan mengecek pajak kendaraan bermotor,0,1,kendaraan / pajak kendaraan / pajak / membantu,Informasi dan pengecekan pajak kendaraan
sangat membantu untuk cek pajak kendaraan bermotor,1,1,kendaraan / pajak kendaraan / pajak / membantu,Informasi dan pengecekan pajak kendaraan
permasalahan sudah ditindaklanjuti dengan baik dan cepat sehingga saya sudah bisa menyelesaikan pembayaran pajak kendaraan,0,1,kendaraan / pajak kendaraan / pajak / membantu,Informasi dan pengecekan pajak kendaraan
tak bisa bayar via gojek dan tokped doonk error mana besok jatuh tempo pula,2,0,samsat / bayar / pajak / bayar pajak,Pembayaran dan layanan Samsat
tolong di update aplikasinya sudah bapuk tidak bisa digunakan,1,2,membantu / cek / error / mantap,Pengalaman dan kinerja aplikasi
pungli jalan trus neraka buat kalian,0,0,samsat / bayar / pajak / bayar pajak,Pembayaran dan layanan Samsat
setelah terupdate aplikasinya tdk bisa mengecek pajak terbaca gagal network error,1,2,membantu / cek / error / mantap,Pengalaman dan kinerja aplikasi
motto apknya bapenda sulsel in your hand pas apknya dipake bermasalah mulu udah hari saya coba ga bisa mau bayar pajak malah disuruh ke kantor samsatnya langsung terus guna apk nya apa mau aduin keluhan juga ga bisa keluhan saya gagal terkirim apknya jadi pajangan doang,2,0,samsat / bayar / pajak / bayar pajak,Pembayaran dan layanan Samsat
berulang kali mau lapor jual kendaraan lama berulng kali pula statusnya gagal terustadinya ke kantor samsat langsung mau laporkan tapi disuruh download dan lapor via aplikasi ini tapi hasilnya tetap zonksudah mengeluh pun tetap ga bisa pak via aplikasi ini dijawabnya fotonya mgkn trllau besar filenya ini sdhh diperkecil tetap gagal trus harus bagaimana,0,0,samsat / bayar / pajak / bayar pajak,Pembayaran dan layanan Samsat
untuk balik nama dari kab maros ke kab takalar apakah memang ada biaya cabut berkas knpa di aplikasi gak di lampirkan semua biayanya sama oknum samsat di bikin pungli malas bawaannya bayar pajak gini coba sekalian cantumkan semua biaya di aplikasi gak usah lagi ada biaya luar jatuhnya ke pungli,0,0,samsat / bayar / pajak / bayar pajak,Pembayaran dan layanan Samsat
sangat membantu untuk cek nopolpajak kendaraan,1,1,kendaraan / pajak kendaraan / pajak / membantu,Informasi dan pengecekan pajak kendaraan
percumaji ada aplikasi bginian jumlah yg harus dibayar yg tertera di aplikasi beda dgn yg dibayar di samsat terutama gerai samsat bone hidup pungli yeah,0,0,samsat / bayar / pajak / bayar pajak,Pembayaran dan layanan Samsat
ceknya di sini sama bayar di samsat sllu selisih rb x bayar pajak mtr sy cek di sini dlu baru ke samsat psti beda rb lebih mahal itu knpa yaa,2,0,samsat / bayar / pajak / bayar pajak,Pembayaran dan layanan Samsat
membantu sekali mengecek pajak dan dendanya bila sudah lambat tapi mendengar keluhan user di ulasan belum berani menggunakan menu bayar pajak lewat aplikasimenunggu kabar baik selanjutnya dari aplikasi bapenda sul sel,2,2,membantu / cek / error / mantap,Pengalaman dan kinerja aplikasi
kalau bisa ditingkatkan lagi agar ngurus apa tinggal upload berkas online,2,0,samsat / bayar / pajak / bayar pajak,Pembayaran dan layanan Samsat
pas mau bayar pajak e samsat kenapa disuruh validasi nik di samsat maksudku kenapa ada syaratnya begini,2,0,samsat / bayar / pajak / bayar pajak,Pembayaran dan layanan Samsat
tolong sertakan nama pemilik kendaraan,1,2,membantu / cek / error / mantap,Pengalaman dan kinerja aplikasi
kenapa tidak bisa melakukan pembayaran online harus validasi nik d samsat itu maksudnya bagaimana,0,0,samsat / bayar / pajak / bayar pajak,Pembayaran dan layanan Samsat
kenapa aplikasinya tidak mau terbuka,1,2,membantu / cek / error / mantap,Pengalaman dan kinerja aplikasi
kenapa mau bayar pajak slalu gagal perlu vakidasi nik padahal udah cocok niknya mending tdk usah bayar pajak mau bayar pajak online saja susah,2,0,samsat / bayar / pajak / bayar pajak,Pembayaran dan layanan Samsat
mass data tidak ditemukan ap apaan,1,2,membantu / cek / error / mantap,Pengalaman dan kinerja aplikasi
bagus dan sangat berguna terimakasih,1,2,membantu / cek / error / mantap,Pengalaman dan kinerja aplikasi
semoga dgn adanya aplikasi bisa memudahkan kita untuk mengecek pajak kendaraan,0,1,kendaraan / pajak kendaraan / pajak / membantu,Informasi dan pengecekan pajak kendaraan
setelah membayar via online hari ini saya coba pergi untuk mencetak skpd di samsat kab bone tp pengurusnya ribet disuruh siapkan fotocopy ktp yg an di stnk buat surat kuasaa saya kira setelah bayar via online bisa langsung cetak aja itu skpdnya bgmn sebenarnya sop pemabayaran pajak kendaraan,2,0,samsat / bayar / pajak / bayar pajak,Pembayaran dan layanan Samsat
aplikasinya sangat bagus tapi pelayanan disamsat burukbanyak pungli apalagi kendaraan bukan atas nama pribadi mau bayar pajak saja masih dipungli,2,0,samsat / bayar / pajak / bayar pajak,Pembayaran dan layanan Samsat
aplikasi tdk berfungsi network error terus tiap hari,1,2,membantu / cek / error / mantap,Pengalaman dan kinerja aplikasi
cuma bisa cek biaya pajak mau coba bayar online tp nda bisa terus aplikasinya,2,0,samsat / bayar / pajak / bayar pajak,Pembayaran dan layanan Samsat
keren ini aplikasi sudah bisa lapor jual kendaraan yang sdh dipindahtangankan,0,1,kendaraan / pajak kendaraan / pajak / membantu,Informasi dan pengecekan pajak kendaraan
aplikasi ini bisa membantu untuk mengecek pajak kendaraan dan jika mau beli kendaraan bekas bisa di cek platnya,1,1,kendaraan / pajak kendaraan / pajak / membantu,Informasi dan pengecekan pajak kendaraan
perbaiki aplikasinya karena tdk bisa terbuka awal instal saja baek,1,2,membantu / cek / error / mantap,Pengalaman dan kinerja aplikasi
bermanfaat sekali ini aplikasinya mantap,1,2,membantu / cek / error / mantap,Pengalaman dan kinerja aplikasi
nintang biar ken aplikasi bgus,0,2,membantu / cek / error / mantap,Pengalaman dan kinerja aplikasi
sya sudah bayar lunas di samsat ko disini ga lunas malahan kena denda,2,0,samsat / bayar / pajak / bayar pajak,Pembayaran dan layanan Samsat
skrg g bisa trbuka ada apa,0,0,samsat / bayar / pajak / bayar pajak,Pembayaran dan layanan Samsat
alhamdulillah ada aplikasi bantu cek no plat sangat membantu skali untuk yg mau beli motor bekas supaya tidak terindikasi motor bodongcurian,1,2,membantu / cek / error / mantap,Pengalaman dan kinerja aplikasi
bintang aplikasi membantu tau pjk kendaraan,1,1,kendaraan / pajak kendaraan / pajak / membantu,Informasi dan pengecekan pajak kendaraan
apa apaan ini sudah bayar melalui tokped dan kode dari aplikasi ini tpi pas disamsat data tidak ditemukan dan belum terbayar hadehh buang uang saja klo kek gini di aplikasi tertera sudah terbayar sampai untuk pajak sedangkan di samsat tidak ada data yang terbaca dan harus bayar ulang hadehh bukan uang dikit ini gimana caranya klo mau refund,2,0,samsat / bayar / pajak / bayar pajak,Pembayaran dan layanan Samsat
ad sedikit bermasalah dengan aplikasi in,2,0,samsat / bayar / pajak / bayar pajak,Pembayaran dan layanan Samsat
aplikasi ini sngat bagus saat ingin mengetahui estimasi pajak kendaraan andakeren,0,1,kendaraan / pajak kendaraan / pajak / membantu,Informasi dan pengecekan pajak kendaraan
kenapa aplikasinya tidak bisa terbuka,1,2,membantu / cek / error / mantap,Pengalaman dan kinerja aplikasi
apk bagus sangat membantu real deal cmn sayang oknum petugas samsatx masi baxk yg pungli samsat palopo sulsel,0,0,samsat / bayar / pajak / bayar pajak,Pembayaran dan layanan Samsat
saya tidak bsa melakukan pendaftaran e samsat loading mulu,0,0,samsat / bayar / pajak / bayar pajak,Pembayaran dan layanan Samsat
mantap app ini karena sangat membantu bagi wajib pajak dalam mengetahui berapa jumlah pajak yang harus dibayar,1,2,membantu / cek / error / mantap,Pengalaman dan kinerja aplikasi
terima kasih pembayaran pajak kendaraan jd lebih muda,0,1,kendaraan / pajak kendaraan / pajak / membantu,Informasi dan pengecekan pajak kendaraan
aplikasi sangat membantu untuk cek jumlah pajak kendaraan,1,1,kendaraan / pajak kendaraan / pajak / membantu,Informasi dan pengecekan pajak kendaraan
aplikasi ini mendukung pembayaran stnk,0,0,samsat / bayar / pajak / bayar pajak,Pembayaran dan layanan Samsat
pengurusan setelah pembayaran online harus difikirkan ulang bayar online malahan tambah banyak syarat administrasi yg harus disiapkan bukti pembayaran online harus dicetak seharusnya pilihan bayar online lebih mempermudah tapi ini malah makin rumit,2,0,samsat / bayar / pajak / bayar pajak,Pembayaran dan layanan Samsat
mantap tawwa saat mau beli kendaraan seken kt bs ceek lgsg pajak kendaraan tersebut,0,1,kendaraan / pajak kendaraan / pajak / membantu,Informasi dan pengecekan pajak kendaraan
apa disini bisa mengecek pajak mobil dari mamuju,1,2,membantu / cek / error / mantap,Pengalaman dan kinerja aplikasi
sy ko tdk bisa semenjak suda sy perbarui selalu data tdk di temukan padahal pajak aktif dan plat masi panjang ada selalu ngga ya trimah kasih,1,2,membantu / cek / error / mantap,Pengalaman dan kinerja aplikasi
aplikasi bagus sangat membantu terimah kasih saya kasi bintang,1,2,membantu / cek / error / mantap,Pengalaman dan kinerja aplikasi
masa di aplikasi sama di samsat bedanya sampai ribuan sih waduh parah,0,0,samsat / bayar / pajak / bayar pajak,Pembayaran dan layanan Samsat
keren sekali aplikasi ini aku bisa tau jumlah pembayaran pajak kendaraan,0,1,kendaraan / pajak kendaraan / pajak / membantu,Informasi dan pengecekan pajak kendaraan
sangat bagus dengan aplikasi ini,1,2,membantu / cek / error / mantap,Pengalaman dan kinerja aplikasi
butuh apk ini bsa cek pajak jual beli motor,1,2,membantu / cek / error / mantap,Pengalaman dan kinerja aplikasi
saya sering membayar pajak di kantor samsat tapi saya heran tidak sesuai dengan cek pajak di aplikasi ini biasanya lebih ribu jadi mohon solusinya kalauw nemukan polisi begitu,0,0,samsat / bayar / pajak / bayar pajak,Pembayaran dan layanan Samsat
agak tdk bisa terbuka error,1,2,membantu / cek / error / mantap,Pengalaman dan kinerja aplikasi
aplikasi sangat membantu mudah digunakan respon cepat terbaik mmg sulsel ku,1,2,membantu / cek / error / mantap,Pengalaman dan kinerja aplikasi
kok nga bisa di cek yaa,1,2,membantu / cek / error / mantap,Pengalaman dan kinerja aplikasi
aplikasi semuanya eror tidak bisa digunakan,1,2,membantu / cek / error / mantap,Pengalaman dan kinerja aplikasi
tidak bisa digunakan semua data kendaraan yang dimaksudkan tidak ditemukan,1,2,membantu / cek / error / mantap,Pengalaman dan kinerja aplikasi
tdk bisa masuk masuk padahal biasa lansung masuk pas di aplikasinya,1,2,membantu / cek / error / mantap,Pengalaman dan kinerja aplikasi
aplikasi top utk cek pkb akan lebih top bisa cek nasional,1,2,membantu / cek / error / mantap,Pengalaman dan kinerja aplikasi
hanya saja tidak ada nama pemilik kendaraan semoga kedepan dilengkapi juga,1,2,membantu / cek / error / mantap,Pengalaman dan kinerja aplikasi
fitur saran dan aduan nggk guna udah coba beberpa kali tetep nggk bsa ke krim skelas instansi apk nya gini,1,2,membantu / cek / error / mantap,Pengalaman dan kinerja aplikasi
bikin sakit kepala harga di tapi pas ke kantor samsat kenyataannya,0,0,samsat / bayar / pajak / bayar pajak,Pembayaran dan layanan Samsat
ini yg saya cari slma in,1,2,membantu / cek / error / mantap,Pengalaman dan kinerja aplikasi
tdk sesuai nilai pembayaran saat dikantor samsat,0,0,samsat / bayar / pajak / bayar pajak,Pembayaran dan layanan Samsat
sangat mudah penggunaannya saya suka,1,2,membantu / cek / error / mantap,Pengalaman dan kinerja aplikasi
hasil memuaskan untuk cek data pajak mobil dan motor kendaraan,1,2,membantu / cek / error / mantap,Pengalaman dan kinerja aplikasi
admin tolong penjelasannya sy bayar pajak sdah x percobaan gagal terus,2,0,samsat / bayar / pajak / bayar pajak,Pembayaran dan layanan Samsat
aplikasinya sangat membantu mantap bapenda sul sel,1,2,membantu / cek / error / mantap,Pengalaman dan kinerja aplikasi
saya senang sekali menggunakan aplikasi ini gampang dan mudah sekali digunakan serta sangat membantu saya dalam hal mengecek pajak kendaraan saya jatuh tempototal bayardan tempat bayarnya ada disini pokoknya aplikasinya lengkap sekali terima kasih tim bapenda prov sulsel,1,1,kendaraan / pajak kendaraan / pajak / membantu,Informasi dan pengecekan pajak kendaraan
sangat bermanfaat dan membantu saya,1,2,membantu / cek / error / mantap,Pengalaman dan kinerja aplikasi
mantap semoga layanan pajak di permudah lagi jangan dipersulit orang mau bayar pajak malah dimintaki surat kuasa segala macam di samsat jelas dokumen sudah lengkap,2,0,samsat / bayar / pajak / bayar pajak,Pembayaran dan layanan Samsat
sangat terbantu dengan aplikasi ini,1,2,membantu / cek / error / mantap,Pengalaman dan kinerja aplikasi
data pendaftaran tdk bisa diproses katanya server error malah harus ke kantor samsat lagi malah mempersulit sama aja,0,0,samsat / bayar / pajak / bayar pajak,Pembayaran dan layanan Samsat
jika skpd tidak dicetak tapi pajak sudah lunas apakah stnk itu masih tetap barlaku,2,0,samsat / bayar / pajak / bayar pajak,Pembayaran dan layanan Samsat
sangat membantu tp sangat di sayangkan berbeda di samsat cek di aplikasi pas mau bayar di mintai coba coba kupertanyakn kata petugasnya uang pengesahan,2,0,samsat / bayar / pajak / bayar pajak,Pembayaran dan layanan Samsat
knapa sekarang tidak bisa cek biaya pajak kalau jatuh tempo pembayaran kalau tidak bisa dicek bahaya bisa dimainkan oknumoknum biayanya kalau tdk bisa dicek lagi,0,0,samsat / bayar / pajak / bayar pajak,Pembayaran dan layanan Samsat
aplikasinya tidak bisa masuk ke menu payah,1,2,membantu / cek / error / mantap,Pengalaman dan kinerja aplikasi
mantap mengurangi pungli karena sudah ada total pajak yang diba,0,2,membantu / cek / error / mantap,Pengalaman dan kinerja aplikasi
layanan yg mendukung pemerintahan bersih transparan dan sangat menolong masyarakat melawan praktekpraktek pungli yg masif dan sering terjadi di kantor samsat,0,0,samsat / bayar / pajak / bayar pajak,Pembayaran dan layanan Samsat
aplikasi yang sangat memudahkan membayar pajak kendaraan saran saya yang mau bayar pajak manfaatkan fitur bayar via online saja jadi ke samsat hanya untuk pencetakan dan pengesahan stnk nya saja buat pengembang mohon ditambahkan lagi fitur ganti flat via aplikasi dan biaya ganti flat pembayarannya secara online saja buat pejabat dan petugas bapenda yang sudah bekerja dengan dedikasi dan kejujuran saya doakan panjang umur dan diberi kesehatan serta keluasan rezeki amin,2,0,samsat / bayar / pajak / bayar pajak,Pembayaran dan layanan Samsat
apl terbaru ini sangat bagus karena sudah gampang mengaplikasikannya,1,2,membantu / cek / error / mantap,Pengalaman dan kinerja aplikasi
selalu perbaiki dan kembangakan aplikasi seperti agar akses pelayanan bagi masyarakat bisa lebih baik dan mudah,1,2,membantu / cek / error / mantap,Pengalaman dan kinerja aplikasi
sangat membantu walaupun baru aja sy download semoga lebh memudahkan lagi pengurusannya,1,2,membantu / cek / error / mantap,Pengalaman dan kinerja aplikasi
sangat memudahkan bayar pajak motorkarena tdk antri biar malam kita bisa membayar,2,0,samsat / bayar / pajak / bayar pajak,Pembayaran dan layanan Samsat
sangat membantu tapi sayang tidak bisa didownload dan print sendiri pajaknya barunya jadi tidak perlu lagi ke samsat pengesahan stempel,1,0,samsat / bayar / pajak / bayar pajak,Pembayaran dan layanan Samsat
saya sangat bersyukur atas adanya ini ini sungguh luar biasa sangat luar biasa sangat membantu,1,2,membantu / cek / error / mantap,Pengalaman dan kinerja aplikasi
app nya bagus akhirnya bisa cek pajak kendaraan sendiri,1,1,kendaraan / pajak kendaraan / pajak / membantu,Informasi dan pengecekan pajak kendaraan
mending g pake aplikasi ini sama aja ttp jg dtg dan antri di samsat,0,0,samsat / bayar / pajak / bayar pajak,Pembayaran dan layanan Samsat
alhamdulillah ngga ribet utk informasi tarifnya,1,2,membantu / cek / error / mantap,Pengalaman dan kinerja aplikasi
berbeda di aplikasi secara rinci cuma nyatanya dilapangan harus bayar apa ada biaya tambah lagi,2,0,samsat / bayar / pajak / bayar pajak,Pembayaran dan layanan Samsat
aplikasi ini cukup memuaskan bs cek pajak kendaraan jg,1,1,kendaraan / pajak kendaraan / pajak / membantu,Informasi dan pengecekan pajak kendaraan
kenapa mesti harus ad aplikasi seperti ini jika memang pembayaran saat ke samsat berbeda pas di cek d aplikasi sampai d samsat dimintai sama petugas samsat saya bertanya kepetugas samsat katanya memang pak klu d aplikasi beda jdi buat ap harus dibuat aplikasi klu memang tidak sesuai pembayarannopol dd om,0,0,samsat / bayar / pajak / bayar pajak,Pembayaran dan layanan Samsat
knp tdk bs melakukan pendaftaran e samsat,0,0,samsat / bayar / pajak / bayar pajak,Pembayaran dan layanan Samsat
plat mobil sy tdk bisa terbaca,1,2,membantu / cek / error / mantap,Pengalaman dan kinerja aplikasi
sangat membantu skalipun masih sering maintenance,1,2,membantu / cek / error / mantap,Pengalaman dan kinerja aplikasi
cetak skpd onlinenya gimana aplikasinya bisa digunakan dan saya sudah bayar dd lg soalnya saya tinggal di palu sulteng,2,0,samsat / bayar / pajak / bayar pajak,Pembayaran dan layanan Samsat
makasih sudah menyiapkan aplikasi yang sangat berguna cuma sayang mau pilih wilayah tapi tdk bisa muncul mohon solusinya status kode,1,2,membantu / cek / error / mantap,Pengalaman dan kinerja aplikasi
sangan membantu utk pengecekan tapi saat bayar di samsat luwu malah kena pungli terus udah x beda ribu ribu bayarnya dengan aplikasi x ngotot sesuai aplikasi dijutekin pakpol dan disuruh fc berkas dll dan buat surat kuasa krn bukan an sendirikendaraan an nenek tapi udah tua dan katarak alhasil tahun gak dibayar dan motornya dipake ke kebun aja pernah juga x boong motor an sendiri padahal punya adek udah bawa ktp dll masih dipingpong sanasini dan gak dikasi plastik pula wkwk,0,0,samsat / bayar / pajak / bayar pajak,Pembayaran dan layanan Samsat
kenapa tidak bisa muncul fitur pemilihan wilayannya mana tidak bisa di tulis manual akhirnya tidak guna ini aplikasi buat cek pajak motor,1,2,membantu / cek / error / mantap,Pengalaman dan kinerja aplikasi
aplikasinya tidak bisa di gunakan,1,2,membantu / cek / error / mantap,Pengalaman dan kinerja aplikasi
aplikasi erordisuruh pilih wilayah tapi tidak ada kolom untuk input wilayahpilihan wilayah juga tidak ditampilkan,1,2,membantu / cek / error / mantap,Pengalaman dan kinerja aplikasi
apk lagi eror kode,1,2,membantu / cek / error / mantap,Pengalaman dan kinerja aplikasi
kenapa lokasix tdk bisa muncul,1,2,membantu / cek / error / mantap,Pengalaman dan kinerja aplikasi
untuk pemilihan lokasi selalu request error,1,2,membantu / cek / error / mantap,Pengalaman dan kinerja aplikasi
error tdk bs klik wilayah,1,2,membantu / cek / error / mantap,Pengalaman dan kinerja aplikasi
aplikasi nya bagus hanya saja saat cek pajak kendaraan lama banget untuk pemilihan wilayah dan ketika udah lama malah jadi error tolong lebih diperbaiki lagi yaa,1,2,membantu / cek / error / mantap,Pengalaman dan kinerja aplikasi
aplikasinya kok gak bisa berfungsi di hp saya ya nanti kalau sudah bisa berfungsi baru sya kasi bintang,1,2,membantu / cek / error / mantap,Pengalaman dan kinerja aplikasi
knp aplikasinya ngga bisa buka wilayah eror mulu,1,2,membantu / cek / error / mantap,Pengalaman dan kinerja aplikasi
tidak bisa pilih wilayah ada keluar kode,1,2,membantu / cek / error / mantap,Pengalaman dan kinerja aplikasi
pemilihan wilayah nggak bisa melalui map juga failed bug,1,2,membantu / cek / error / mantap,Pengalaman dan kinerja aplikasi
aplikasi sy tdk bisa terbuka,1,2,membantu / cek / error / mantap,Pengalaman dan kinerja aplikasi
tidak bisa memasukkan lokasi wilayah,1,2,membantu / cek / error / mantap,Pengalaman dan kinerja aplikasi
kok kota pilihan hilang atau tdk ada pilihan,1,2,membantu / cek / error / mantap,Pengalaman dan kinerja aplikasi
mempermudah pengecekan pajak kendaraan mantap,0,1,kendaraan / pajak kendaraan / pajak / membantu,Informasi dan pengecekan pajak kendaraan
aplikasiya mantenance terus nda bisa di pake,1,2,membantu / cek / error / mantap,Pengalaman dan kinerja aplikasi
gabisa dipake buat bayar loading ga selesai,2,0,samsat / bayar / pajak / bayar pajak,Pembayaran dan layanan Samsat
sudah cukup bagus lebih tingkatkan lagi,1,2,membantu / cek / error / mantap,Pengalaman dan kinerja aplikasi
aplikasi yang sangat bagus memudahkan bagi yang ingin mengecek ataupun yang ingin bayar pajak,2,0,samsat / bayar / pajak / bayar pajak,Pembayaran dan layanan Samsat
sangat membantu utk pengecekan pajak kendaraan,1,1,kendaraan / pajak kendaraan / pajak / membantu,Informasi dan pengecekan pajak kendaraan
semoga sulbar juga pakai aplikasi yang sama agar bisa mengurangi pungli,0,0,samsat / bayar / pajak / bayar pajak,Pembayaran dan layanan Samsat
bagaimana mengetahui alamat pengendara melalui plat kendaraan nya,0,1,kendaraan / pajak kendaraan / pajak / membantu,Informasi dan pengecekan pajak kendaraan
aplikasi sangat bagus rincian pajak tidak sesuai aplikasi dengan yang di samsat di samsat setempat bayarnya sedangkan di aplikasi ini bayar hanya saya pikirnya sama tp faktanya tidak di samsat ada tambahan yah,0,0,samsat / bayar / pajak / bayar pajak,Pembayaran dan layanan Samsat
bagaimana cara mendapatkan file skpd nya min saya tidak berada di sulawesi dan saya sudah melakukan pembayaran kenapa tidak ada pesan untuk mendownload filenya seperti daerah lain,0,0,samsat / bayar / pajak / bayar pajak,Pembayaran dan layanan Samsat
bagaimna cara mengetahui identitas orang melalui plat karna istriku di tabrak lari no plat dd vj,1,2,membantu / cek / error / mantap,Pengalaman dan kinerja aplikasi
akhirnya bisa bayar pajak kendaraan tanpa perlu keluar rumah,2,1,kendaraan / pajak kendaraan / pajak / membantu,Informasi dan pengecekan pajak kendaraan
sangat bermanfaat jika sudah membayar di aplikasi ini apakah divalidasi lg di kantor samsat terimakasih,0,0,samsat / bayar / pajak / bayar pajak,Pembayaran dan layanan Samsat
sangat membantu aplikasi ini mantap,1,2,membantu / cek / error / mantap,Pengalaman dan kinerja aplikasi
payah di aplikasi kalau mau balek nama cuman lebih pas di samsat malah di mintai bayaran jutaan ke atasbetul payah mau bayar pajak juga di aplikasi murah pas di samsat malah di mintai di atas harga yang tertera di aplikasibetulbetul samsat jeneponto korupsi kalau begini,2,0,samsat / bayar / pajak / bayar pajak,Pembayaran dan layanan Samsat
aplikasinya bagus tp petugas dilapangan ada yg tdk jujur minta lebih apa boleh nilai pajak diaplikasi diperlihatkan langsung ke ptugas n bayar sesuai nilai yg diaplikasi,0,0,samsat / bayar / pajak / bayar pajak,Pembayaran dan layanan Samsat
lumayan membantu tuk sekedar cek total pajak dgn cepat tanpa ribet,1,2,membantu / cek / error / mantap,Pengalaman dan kinerja aplikasi
aku suka banget aplikasi kalau kayak begini tidak perlu ribet langsung bisa di liat hasilnya pokoknya aplikasinya mantap,1,2,membantu / cek / error / mantap,Pengalaman dan kinerja aplikasi
mantap app nya sangat membantu,1,2,membantu / cek / error / mantap,Pengalaman dan kinerja aplikasi
kalo kita suda membayar pajak baru trus yg masi di pegang pajak stnk yg mati tapi kita suda bayar pakek aplikasi jadi cara memegang bukti pajak yg suda di bayar mohon pencerahan nya,2,0,samsat / bayar / pajak / bayar pajak,Pembayaran dan layanan Samsat
sayang tidak bisa bayar pajak online mobil bekas,2,0,samsat / bayar / pajak / bayar pajak,Pembayaran dan layanan Samsat
pilihan yang mana jika ingin cek pajak kendaraan pkb bbm ii,1,1,kendaraan / pajak kendaraan / pajak / membantu,Informasi dan pengecekan pajak kendaraan
aplikasih tidak berguna berbeda dengan kenyataan cek di aplikasih harga lebih pas sampai di samsat harganya jadi aplikasihnya tidak berguna,0,0,samsat / bayar / pajak / bayar pajak,Pembayaran dan layanan Samsat
keren sukses buat bapenda sulsel,1,2,membantu / cek / error / mantap,Pengalaman dan kinerja aplikasi
alhamdulillah barusan bayar pajak pakai aplikasi ini via tokped sangat memuaskan no ribet no antri no repot ke kantor tapi metode pembayaran via indomaret belum aktif ya min semoga segera aktif dan oiya klo bisa setelah bayar pajak mestinya ada struk yg bisa di download jadi gak perlu ke samsat untuk stempel stnk,2,0,samsat / bayar / pajak / bayar pajak,Pembayaran dan layanan Samsat
kalau sudah bayar pajak bagaimna caranya ambil stnk barunya,2,0,samsat / bayar / pajak / bayar pajak,Pembayaran dan layanan Samsat
usul min lebih mantap lagi kalo bisa bayar pajak online walaupun bukan atas sendiri di stnk kan mau taat pajak tahunan kecuali ganti plat baru,2,0,samsat / bayar / pajak / bayar pajak,Pembayaran dan layanan Samsat
mantap sulawesi selatansangat membantu sekali dengan adanya aplikasi ini,1,2,membantu / cek / error / mantap,Pengalaman dan kinerja aplikasi
sangat bermanfaat untuk mengecek pajak kendaraan khusus wilayah sulsel,0,1,kendaraan / pajak kendaraan / pajak / membantu,Informasi dan pengecekan pajak kendaraan
oke lebih mantap kalau tanpa nomer rangka,1,2,membantu / cek / error / mantap,Pengalaman dan kinerja aplikasi
mantap sekali layanan ini semoga seterusnya layanan ini ada,1,2,membantu / cek / error / mantap,Pengalaman dan kinerja aplikasi
sangat memudahkan kita khususnya warga sulsel,0,2,membantu / cek / error / mantap,Pengalaman dan kinerja aplikasi
tidak bisa mengirim saran pengaduan,1,2,membantu / cek / error / mantap,Pengalaman dan kinerja aplikasi
kalau boleh ksh saran cek pajak kendaraan tidak usah pilih kode wilayahsoalnya ribet langsung aja masukin nomor plat,1,1,kendaraan / pajak kendaraan / pajak / membantu,Informasi dan pengecekan pajak kendaraan
aplikasi ini sangat membantu untuk cek pajak kendaraan tanpa ke dispenda terimakasih,1,1,kendaraan / pajak kendaraan / pajak / membantu,Informasi dan pengecekan pajak kendaraan
bisakah di laporkan jika pegawai samsat melebihi lebih dengan pembayaran yang ada di sini,0,0,samsat / bayar / pajak / bayar pajak,Pembayaran dan layanan Samsat
kalau bisa di cantumkan apakah kendaraan tersebut sudah blokir jual dan ket progresif,0,1,kendaraan / pajak kendaraan / pajak / membantu,Informasi dan pengecekan pajak kendaraan
sangat membantu untuk cek pajak kendaraan dan yang lainnya,1,1,kendaraan / pajak kendaraan / pajak / membantu,Informasi dan pengecekan pajak kendaraan
tidak bisa salin kode bayar coba diperbaiki masalah ini terimakasih dan bagian favorit tidak bisa dihapus setelah dibayar update sekarang sudah bisa salin kode bayar sudah bisa hapus menu favorit makin keren saja bosku di tunggu update berikutnya,1,2,membantu / cek / error / mantap,Pengalaman dan kinerja aplikasi
saran mobil motor usianya diatas tahun setidaknya ada pengurangan pajaklah melihat harga jualnyapun sdh turun n untuk orng taat pajak yg g perna telat slama dr baru smpe gnti plat lagin bgtpun strusnya kasilah reward berupa diskon pajak kan uang rakyat untuk rakyat,1,2,membantu / cek / error / mantap,Pengalaman dan kinerja aplikasi
aplikasinya sangat bermanfaat memudahkan masyarakat untuk mengecek dan membayar pajak kendaraannya,0,2,membantu / cek / error / mantap,Pengalaman dan kinerja aplikasi
kok hasil tidak di temukan gak bisa di gunakan,1,2,membantu / cek / error / mantap,Pengalaman dan kinerja aplikasi
ribet karena menggunakan no rangka lagi buat cek,1,2,membantu / cek / error / mantap,Pengalaman dan kinerja aplikasi
sangat membantu dalam hal pembayaran pajak kendaraan,0,1,kendaraan / pajak kendaraan / pajak / membantu,Informasi dan pengecekan pajak kendaraan
apakah di aplikasi ini juga menerbitkan eskpd seperti aplikasi di samsat lain,0,0,samsat / bayar / pajak / bayar pajak,Pembayaran dan layanan Samsat
bagus dan cepat respon hasily,1,2,membantu / cek / error / mantap,Pengalaman dan kinerja aplikasi
sangat berguna aplikasi ini bagi sy,1,2,membantu / cek / error / mantap,Pengalaman dan kinerja aplikasi
klo bs lengkap dengan tombol bayar jd bisa lgsung bayar pajak onlineterhubung ke ewallet atau rek bank,2,0,samsat / bayar / pajak / bayar pajak,Pembayaran dan layanan Samsat
sangat bermanfaat kalau boleh usul info pajak kendaraan bisa ditambahkan status kendaraan tersebut di samsat apakah status blokir atau tidak,0,1,kendaraan / pajak kendaraan / pajak / membantu,Informasi dan pengecekan pajak kendaraan
sebaiknya dihilangkan nomer rangka om biar memudahkan jual beli taksir motor om,1,2,membantu / cek / error / mantap,Pengalaman dan kinerja aplikasi
nice semakin transparan dalam pembayaran pajak,0,0,samsat / bayar / pajak / bayar pajak,Pembayaran dan layanan Samsat
harus minta nomor rangka dulu tdk semua pemilik motor ingin memperlihatkan nomor rangka motorx mau beli motor second harus minta nomor rangka juga buat pengecekan pajak,1,2,membantu / cek / error / mantap,Pengalaman dan kinerja aplikasi
aplikasi saya tidak bisa di gunakan,1,2,membantu / cek / error / mantap,Pengalaman dan kinerja aplikasi
aplikasi bappenda yg di telegram lebih muda krn tanpa nomor rangka aplikasi sekarang cukup ribet harus masukan dlu nomor rangka,1,2,membantu / cek / error / mantap,Pengalaman dan kinerja aplikasi
cara mendapatkan kode bayar bagaimana,2,0,samsat / bayar / pajak / bayar pajak,Pembayaran dan layanan Samsat
mantapkembangkan trs aplikasinya mnjadi yg terbaik,1,2,membantu / cek / error / mantap,Pengalaman dan kinerja aplikasi
aplikasi bapenda sulsel mobile memudahkan untuk mengetahui info pajak kendaraan mantap,0,1,kendaraan / pajak kendaraan / pajak / membantu,Informasi dan pengecekan pajak kendaraan
aplikasi yang sangat membantu danmemudahkan untuk mengetahui info pajak kendaraan kami terima kasih bapenda sulsel mobile,1,1,kendaraan / pajak kendaraan / pajak / membantu,Informasi dan pengecekan pajak kendaraan
salut untuk bapenda sulsel teruslah berinovasi,1,2,membantu / cek / error / mantap,Pengalaman dan kinerja aplikasi
mantap tidak susah lagi cek biaya pajak kendaraan,1,1,kendaraan / pajak kendaraan / pajak / membantu,Informasi dan pengecekan pajak kendaraan
mantap bisa membantu bundaku mengecek tagihan pajak kendaraan bermotor yg menunggak,1,1,kendaraan / pajak kendaraan / pajak / membantu,Informasi dan pengecekan pajak kendaraan
bagus banget aplikasinya sangat membantu masyarakat untuk mengecek pajak kendaraan nya,1,1,kendaraan / pajak kendaraan / pajak / membantu,Informasi dan pengecekan pajak kendaraan
alhamdulillah semakin mudah bayar pajak kendaraan,2,1,kendaraan / pajak kendaraan / pajak / membantu,Informasi dan pengecekan pajak kendaraan
sangat membantu bagi wajib pajak mantap bapenda sulsel tingkatkan terus pelayanannya,1,2,membantu / cek / error / mantap,Pengalaman dan kinerja aplikasi
ada yg baru lagi dari bapenda sulsel program dan inovasi baru untuk mempermudah wajib pajak mengetahui tagihan pajak kendaraannya dan bisa juga langsung memilih daftar layanan samsatlokasi atau wilayah yg diinginkan mantap sangat memudahkan sekali,0,2,membantu / cek / error / mantap,Pengalaman dan kinerja aplikasi
mantap skali jd kita sdh bisa tau lokasi lokasi pembayaran sm sdh bisa tau jumlah pajaknya mantap bapenda sulsel,0,2,membantu / cek / error / mantap,Pengalaman dan kinerja aplikasi
sangat membantu sekali utk mengetahui pajak kendaraan bermotor yang akan dibayar,0,1,kendaraan / pajak kendaraan / pajak / membantu,Informasi dan pengecekan pajak kendaraan
good tambah memudahkan wajib pajak utk mengecek tagihan pajak kendaraanx,0,2,membantu / cek / error / mantap,Pengalaman dan kinerja aplikasi
